{
  "0": 1.8027199999999999,
  "1": 1.5917999999999997,
  "2": 1.5972799999999998,
  "3": 1.48464,
  "4": 1.0332,
  "5": 1.0786799999999999
}